sample_id,220090_at,226067_at,205900_at,230835_at,226147_s_at,204623_at,223720_at,229659_s_at,202018_s_at,212768_s_at,213432_at,207802_at,205979_at,224328_s_at,206642_at,1560712_at,220267_at,217022_s_at,220620_at,213240_s_at,group
GSM1551311,14.33091307,1.681748749,14.04844369,15.0507929,3.530340055,2.366244084,13.47577024,3.445727489,2.187995387,12.98406125,2.528055654,12.61670654,2.879479753,9.749341639,12.31992935,12.28474468,4.138236848,7.447830026,8.942453186,15.00409993,Normal
GSM1551312,13.81814222,1.652241957,11.58578001,14.0919768,3.022833122,2.115010353,10.46521667,3.466591121,2.133240222,4.780950379,2.453855403,5.910097259,2.764201746,8.282370412,10.21502842,9.607060994,7.249686384,9.888381626,8.614831544,14.74777519,Normal
GSM1551313,14.9968735,1.661332754,11.46794837,15.15137511,3.031696643,2.729757415,14.71474206,3.530900418,2.146020087,7.188262743,2.469823872,14.62592629,2.796195805,14.52730475,9.507182114,14.16831148,4.080177357,1.672555808,13.87530738,15.25532473,Normal
GSM1551314,13.82966015,1.645879155,13.79987105,15.01018565,4.805741768,2.384413188,10.45363117,3.412028488,2.135118919,4.869074058,2.447890465,11.08593657,2.748642714,10.64495684,11.66081642,10.31142852,7.076169917,1.554529733,7.792252674,14.30938156,Normal
GSM1551315,14.70965302,12.80570913,14.28782264,15.12962094,13.38952851,12.59560017,14.21669632,12.21182674,9.134948234,8.471115514,11.30840861,13.23735336,12.78776429,13.33811001,11.63052742,12.59412017,4.130482735,13.24228469,11.97435017,15.09831551,Normal
GSM1551316,13.56836683,1.703990072,13.80631428,13.74964692,10.36650062,2.752715441,13.56865399,4.549411446,2.215585602,14.72508454,2.608447879,14.19069624,5.571814157,10.65194987,7.071975328,15.01068477,14.19555782,5.841135629,7.393680077,15.15025073,Normal
GSM1551317,14.267366,1.648739162,14.99910463,15.11157634,3.023116582,2.518929547,11.71967591,3.414226194,2.136729527,4.06974933,2.431240206,12.21048059,2.882574912,13.60717271,13.21181932,13.11014284,13.6329989,11.19074694,9.626748897,14.95802596,Normal
GSM1551318,15.19091609,1.182518133,14.53424278,15.36200668,1.725414771,2.357213042,15.36789515,3.358202975,2.153790156,7.895960181,2.088895449,16.37654689,2.804780427,15.50502441,14.16625418,14.39444405,3.866612541,9.415879829,13.20022787,15.24436583,Normal
GSM1551319,10.6020093,11.11665393,6.287765884,8.968168344,14.11137921,11.16349579,2.681699329,14.93309934,4.36011373,11.44660547,9.341621813,11.27781404,3.698339259,4.33141264,2.54918904,5.629756569,11.11830763,6.558244905,1.709572209,12.38725776,Normal
GSM1551320,15.2684483,2.07994265,15.71038989,15.20134172,3.389152195,2.569682558,14.88210382,3.211084155,2.092155249,12.57076874,2.048583051,15.58815651,2.688396274,13.71928986,13.83658048,14.21614378,4.446684539,9.043466061,13.04463559,15.54892868,Normal
GSM1551321,15.57729561,1.167512669,15.01141695,15.13439678,1.712847147,2.340400747,15.06641111,3.584127112,2.104416788,8.401746292,2.092932437,15.78661596,2.762947278,15.85231329,11.41808144,14.7794877,13.35544057,1.67980365,14.55147876,15.55950127,Normal
GSM1551322,15.22925916,10.33639975,14.87342955,15.21033816,11.59946567,10.45104533,15.06488574,10.8830993,3.121688196,15.09736212,7.520396618,15.69718567,11.07849359,14.66051839,13.05661874,14.40099334,14.75767994,13.2053897,12.36404607,15.36487259,Normal
GSM1551323,15.18305169,10.44896539,13.10717322,14.80561777,12.26385916,10.20068965,14.4562027,11.65669792,8.742622925,7.575559942,8.918484333,13.96760561,9.798399288,12.99488328,10.41468676,13.58913149,12.07817384,13.85924409,11.95836524,15.41319106,Normal
GSM1551324,11.51319633,14.34065398,6.96374851,4.976828597,13.52290179,14.79833926,2.890534145,14.21217578,12.26346625,13.87195429,13.96001502,12.11640503,12.75215267,3.671100816,3.796474874,9.524864398,15.33059301,15.53609131,2.773116496,11.58380595,Normal
GSM1551325,15.12824079,5.307846251,14.01469136,15.12580208,10.48789833,7.844028634,14.55651541,7.647357136,2.110242248,11.48907153,5.785644569,15.38969084,4.282510672,15.12429288,11.88922436,14.00851496,11.28320837,10.88060318,13.73158874,15.32608135,Normal
GSM1551326,14.57670264,1.158805408,14.60233982,15.20082711,2.572043644,2.59047697,13.2313725,3.261571611,2.110944885,11.28930422,2.06998631,13.66621336,2.724975237,11.49845312,13.15966356,13.58289201,4.948168099,11.5053338,9.893947526,15.28114439,Normal
GSM1551327,15.32622145,10.52539553,15.25756807,15.30693931,11.85719542,12.46248709,15.24139218,11.47978953,9.122843879,6.91629357,9.262637962,15.95203644,10.12332034,15.83404225,12.79291276,14.26958146,9.376575837,13.34505182,14.64591237,14.60167476,Normal
GSM1551328,1.374344101,14.82384727,1.994566655,1.706649197,14.7015457,14.92483803,2.659990859,14.92244989,14.32538233,11.67917183,14.46857227,13.81725287,13.95701759,3.760390728,2.490406111,4.478064917,12.14278897,12.67221472,1.317111546,9.665846728,Normal
GSM1551329,12.09047627,12.97333562,8.212554188,5.689420494,13.70489989,13.11351045,4.848708529,13.54528726,15.18779609,14.68624694,13.6376377,14.51929128,13.3263022,3.69721585,4.562238937,11.63460029,14.12022128,10.3672225,1.724487565,13.73068406,Normal
GSM1551330,9.967795014,13.18075968,1.924216252,5.096390117,13.56176255,12.72041135,2.648817529,13.59088425,12.05482017,16.57338515,10.86970445,11.6277863,11.07859575,3.670458956,2.469744269,6.475171904,4.480108089,15.3416697,1.452895282,12.72503729,Normal
GSM1551331,1.823752731,14.74282342,1.785193428,1.771443902,14.20714217,15.45192834,2.688989953,14.8588104,15.34536579,8.848813714,15.4795561,10.39113555,16.06263938,3.694516426,2.554459113,2.762966466,3.514934476,15.12725235,1.33714735,1.540532337,Normal
GSM1551332,14.72050328,9.958604461,14.97197229,14.8400698,10.54813261,7.423660709,13.29406923,9.879012153,4.222638496,14.19275794,7.887828167,14.2330143,8.531506804,11.35325264,12.06193525,13.27525892,15.15729918,11.77541227,10.55535987,15.18549526,Normal
GSM1551333,13.41819472,13.8181779,14.77168836,11.76006066,14.05552455,14.56579193,11.90263655,13.82601415,10.79382833,16.67034096,11.58154527,12.81249634,14.32778625,4.239983864,11.32618564,12.28459175,15.80241214,14.87292468,4.200011296,14.99607753,Normal
GSM1551334,14.86697298,2.291772959,10.28319785,13.8676416,9.029415017,7.943337269,12.66063092,8.081889353,5.931142492,9.654745061,5.901758614,12.59392942,8.512352883,14.31766835,7.627067892,11.53383937,13.50576195,13.06884935,11.31664604,14.96695416,Normal
GSM1551335,15.0649239,9.049406802,4.686306174,15.08512588,10.8839687,9.529753388,13.05264047,11.18840695,4.899026946,4.745038398,6.084695775,9.634971094,9.479690136,5.695480397,11.8175098,12.27456506,7.752870823,14.38647284,10.23325969,15.01959998,CIN1
GSM1551336,13.26705401,11.14477373,2.788429441,13.74492865,12.43259292,8.938146954,10.34236204,12.44785417,8.559984443,11.13587945,7.123110598,3.714653739,11.01034448,7.689538678,9.221701454,11.42461411,9.049617675,7.95016008,7.483184719,14.64007544,CIN1
GSM1551337,14.51184253,12.21801271,12.97418181,14.66808,12.43809556,9.916108592,13.0237012,12.4645628,8.404055545,9.512035462,9.128691006,10.85269962,6.861618346,11.77520012,12.08457271,11.9085988,10.52468091,12.02648817,10.33935276,14.70433174,CIN1
GSM1551338,13.22512227,1.158010234,14.35935266,14.91612008,1.700147755,2.340298767,7.828385279,3.653572089,5.106482045,10.32021884,2.066538823,6.61364223,2.746715452,4.24329384,13.22188839,10.67951386,7.320228541,12.7484943,5.596009165,14.6604544,CIN1
GSM1551339,12.10440798,1.658793828,11.91212007,14.75798713,8.738488864,2.301027523,8.666412267,4.003646355,2.311255772,11.00325065,2.144005558,9.341421467,2.885205,4.493900645,9.602666739,12.43413602,6.198633049,11.28192636,3.096564858,14.52914812,CIN1
GSM1551340,13.69419879,6.901948949,12.9269967,14.52315973,9.566488978,4.54777244,7.339478439,9.156678463,7.647019166,14.96254467,4.420057567,9.030434856,4.249059029,4.348283802,9.959557354,11.30678394,5.893327141,14.76938971,1.848047929,15.26593022,CIN1
GSM1551341,14.98710252,1.158519424,15.40309591,14.9959224,3.537583694,2.341255604,14.65012094,3.347358994,2.106691509,10.49317533,2.053802631,15.34522134,2.708899349,13.57645998,12.63915349,14.21522206,8.041645183,10.79370497,10.92303167,15.4490859,CIN1
GSM1551342,14.99770348,1.263548868,12.57751537,15.23621645,1.848057211,4.155409489,15.52186336,3.609928495,2.207374068,13.19339171,2.161207865,15.79361393,3.542378146,15.24211594,11.89111293,14.76951722,4.88561096,1.682759177,10.08188567,15.38465907,CIN1
GSM1551343,14.72259664,11.91423577,14.95518303,14.34698329,12.68929732,11.9928489,12.3723732,12.15506106,6.961656691,5.053810304,9.723073569,11.04560421,12.22234951,5.065913213,10.36880477,12.19017898,11.85632093,13.05908789,8.506839548,15.30945248,CIN1
GSM1551344,15.10658032,3.159574848,15.44510329,15.22109629,9.59262564,8.316440221,12.83391248,9.035666102,7.891656327,13.79720857,5.787463943,13.51784381,7.918129038,13.42168645,13.69636527,13.5780745,14.36252694,1.303615831,11.43974893,13.65562501,CIN1
GSM1551345,12.9357898,13.21494936,11.24633732,13.69752352,13.93377433,13.37114271,2.454031178,13.4142629,13.41616727,13.18864354,12.24103269,9.660875452,12.4714221,3.975293935,9.712934331,7.903088132,3.822964085,14.98170504,2.76656168,14.99703522,CIN1
GSM1551346,9.818000632,13.59745861,1.94315046,2.683338588,14.04578193,13.93152011,4.774439585,13.98896381,11.07669247,13.20336313,12.81462178,6.595635662,13.12052563,3.671806451,2.50744143,5.768993963,4.368081921,14.80122088,1.313945206,14.49132354,CIN1
GSM1551347,10.87256109,1.230877739,13.67787496,14.14504976,9.625630013,2.902794224,2.683255677,9.34399831,6.892044381,4.86601947,7.007351841,3.733147283,7.500349681,8.530112528,12.25854439,6.536820307,13.13131775,14.09960233,6.277744336,13.85016095,CIN1
GSM1551348,14.68958497,13.58637624,13.31702717,15.42709472,12.66852284,10.89554983,12.93591673,12.88481597,13.56484981,15.18552431,11.80969666,13.41018649,11.66354908,10.81317253,12.17876375,13.03816157,11.75863729,14.88276089,9.850296517,15.31895631,CIN1
GSM1551349,14.76962874,1.693460904,13.87534687,15.05846055,8.230413273,2.542649667,14.40582394,5.070161006,2.211842523,10.73541815,2.555005169,14.61056093,2.957865973,13.76551607,12.27270222,13.88876254,4.459381694,2.17285633,12.60334645,14.96306372,CIN2
GSM1551350,9.501606802,3.686696081,7.795211745,12.7518867,12.08594916,9.332073783,6.265307082,11.33119941,6.778214719,15.49009191,8.723072757,3.82094585,12.52802347,6.51757891,2.575594491,10.39091086,5.532970537,13.19615381,2.12585613,11.84735289,CIN2
GSM1551351,8.883680281,8.512598288,1.691815223,2.726035246,12.56066377,4.0367545,5.220963512,10.62414789,2.21069618,15.88813759,2.557297715,4.070788881,8.875541008,6.720248254,2.808040673,6.159590723,7.149603806,1.705608351,1.110932051,14.38628887,CIN2
GSM1551352,14.51771056,11.84699976,12.84891272,14.43689746,12.98911194,8.776697165,14.15300429,11.91015299,9.227024498,11.96408596,10.20527353,12.85270371,6.910297647,11.62322979,10.99000146,13.28445738,3.522005811,11.58079685,9.802225487,15.04889615,CIN2
GSM1551353,14.52011848,1.649970993,13.86407131,14.60256,9.102666791,2.508386218,11.33908823,9.661419085,2.20207829,14.58346528,2.450765656,13.05748628,2.704539944,8.387125681,11.91025459,12.73984833,15.4038739,9.393528983,6.785467673,13.04230038,CIN2
GSM1551354,14.49562821,12.64739029,11.49416753,12.12257792,13.53555128,10.2932699,12.45927738,13.64473486,13.12885518,15.02662808,11.65480517,12.30211506,10.65277972,5.524258248,7.733451583,12.67496664,15.185522,13.6727148,3.248529741,14.37731486,CIN2
GSM1551355,15.1288427,1.678866899,15.36596535,15.82289274,3.136129339,1.792257993,14.39283054,3.489080885,2.674207445,13.8885889,2.165643069,13.79391195,3.661746431,14.14850072,13.48749675,13.79069218,15.91924807,8.076792853,11.17408976,15.19102488,CIN2
GSM1551356,12.60104692,14.12774878,7.607228899,5.092744462,14.2594079,13.95978579,6.107452034,13.86359922,12.50829976,12.95023523,13.66097713,10.07555689,12.66740818,3.677934791,2.515044832,9.198956497,16.24420781,15.46328528,1.711244738,15.0900861,CIN2
GSM1551357,13.94257065,5.364926821,10.4680788,13.67813327,13.0224695,9.716754754,14.09126463,11.28384581,9.349565794,15.91929806,5.052018865,13.24043943,11.89295461,13.04413605,7.977950581,12.26064029,13.90455343,8.349723181,8.977243114,13.63952855,CIN2
GSM1551358,14.76512998,11.16055307,6.715264852,10.86986542,12.91459229,12.95673549,12.44792788,12.8789463,11.2921713,16.56880039,11.21303534,12.96142295,13.120068,3.705417811,2.549499055,12.58198484,15.61179364,13.70660226,5.219193105,14.13389397,CIN2
GSM1551359,13.83537852,13.2324305,13.33868853,14.65334403,13.31542283,12.70820795,9.542615699,13.61561058,5.104782317,15.35280478,10.67952213,11.47504142,9.88415749,4.346841383,10.66519946,11.134653,13.8096346,13.9190267,7.543465989,15.12997094,CIN2
GSM1551360,14.41082288,9.573642059,10.12995558,15.27842749,9.139033767,7.179040548,11.98199493,8.77302972,2.286612627,11.38872718,4.542044641,7.81677897,3.877171014,10.28857897,5.985366737,13.5502153,13.72736782,11.35746221,9.205893851,15.40951913,CIN2
GSM1551361,13.36940895,1.633594301,15.02250533,15.12978985,5.101389469,1.67052895,9.170127428,3.30458733,9.292546609,15.3432551,1.966726323,11.79341372,2.659121965,6.513779151,11.22740564,13.33700808,15.12141305,12.62354728,7.530716662,13.0964332,CIN2
GSM1551362,14.5655281,1.652303993,15.03815044,15.74420684,2.109241565,1.742832214,14.84076837,3.081008985,2.333571264,9.637922919,2.071420901,13.76093008,2.718710571,15.58817298,13.84445271,14.19136858,4.397290136,1.954070347,11.06224895,15.07118004,CIN2
GSM1551363,11.43729338,12.85563225,1.868895571,1.74975336,14.05175066,13.43913877,9.267219673,13.64999296,14.03837306,13.13044852,12.68651404,9.805480217,14.76904003,3.656368936,2.46859891,8.580139879,10.715087,13.04592813,1.68575538,14.35542959,CIN2
GSM1551364,12.71767066,1.248954823,14.99553752,13.4062019,1.717277589,2.375262953,8.006560757,3.470374821,2.131215958,3.036510176,2.138727576,7.795239678,2.857689986,8.468733488,4.055717641,10.44567104,6.87582002,8.81817049,6.9399676,10.18297147,CIN2
GSM1551365,7.421817453,14.36942444,13.30879683,9.311144497,15.11256878,15.94874029,2.660409032,14.96001255,15.15503659,10.2605375,15.02596175,5.572637913,16.11220249,3.853849668,2.984091471,3.299257584,11.52401742,15.68567334,1.750661751,7.211430933,CIN2
GSM1551366,14.60060208,11.39303038,9.732880751,8.894777775,13.46897536,13.60513928,12.56560817,13.31607222,11.89343478,16.63538437,12.70009545,15.07559663,12.84391604,3.674453024,6.005404482,13.68907221,15.78220268,15.26742108,2.759088758,14.9849971,CIN2
GSM1551367,14.95387144,11.89147991,14.18532416,14.49418848,13.73628951,13.51193658,14.38850924,13.71183406,11.52730203,14.51507913,10.28659647,15.64121271,14.96653747,14.26210451,9.9506783,14.62705237,15.78773959,10.9912938,11.04683113,13.828813,CIN2
GSM1551368,12.65171639,1.646400109,14.60352905,14.34073455,2.093788535,1.717725556,10.40521299,3.152428945,2.306097077,4.340845129,2.067035921,3.584395179,2.683916083,12.62106869,14.88706819,12.5491157,12.30619313,12.94589948,7.484173908,10.38933971,CIN2
GSM1551369,14.49082864,14.70819767,14.60958208,14.89375969,14.60065176,14.96917228,9.437335555,14.47958689,13.96341732,7.990378356,14.08278165,9.690389814,15.26874048,11.59953585,12.47384949,12.53208529,11.195722,14.80410848,9.554229128,15.2327478,CIN2
GSM1551370,14.16872866,12.97834374,14.44379557,15.26052031,12.87841416,11.03054468,8.927214891,12.90723749,12.43554254,11.31909834,10.89620366,8.034783164,12.58992439,9.998427345,10.87017636,13.53126663,11.11635775,13.37498762,6.753467357,15.26126869,CIN2
GSM1551371,11.32194216,1.67232207,11.52020694,12.58730092,3.901479556,2.428660627,10.69370034,3.79322665,2.140927671,4.087449851,2.55062069,4.180891884,2.823426403,6.049332274,2.534023856,9.464170902,12.71647646,10.475843,4.786947348,13.15408616,CIN3
GSM1551372,11.69128852,10.71805717,1.751059207,9.918042595,13.74864874,11.08628278,8.769827217,12.2354387,11.63475385,15.55978585,9.961954922,4.84648048,10.83605713,4.417216974,2.55074766,9.510887884,6.585744136,7.419653406,1.730858797,13.10996809,CIN3
GSM1551373,12.64862881,11.16982737,10.82178673,12.60551812,12.59274662,8.007628738,4.062239684,12.97700089,10.32601707,14.28575465,9.752754083,4.991413482,5.863745854,5.237224887,2.482867561,8.120955573,11.03057298,12.01035433,0.735894886,14.94973646,CIN3
GSM1551374,11.42618085,1.667513736,1.4736429,11.23536784,3.772497924,2.348472425,10.24166468,4.086106596,2.208746023,4.082741343,2.477330722,3.582157312,2.778420577,8.982101139,2.515171594,9.174212554,9.002905224,14.54366236,6.15140348,2.644102012,CIN3
GSM1551375,13.38775195,2.794184211,13.93652158,13.93742779,9.265640142,6.757397353,11.75057351,8.049095091,2.154645061,14.66462068,3.43559121,11.29595448,5.081698512,6.730438619,9.373681348,11.87128453,13.02884298,1.561872158,8.845323586,14.64743874,CIN3
GSM1551376,14.86055965,1.675403523,11.46232767,14.14339523,7.894900067,3.558958667,13.29849621,4.645970102,6.612256383,12.81333515,3.583807217,12.78377562,6.925282838,10.23177756,11.0400173,13.50012553,7.773547984,9.29756024,12.55842437,15.06682033,CIN3
GSM1551377,14.85287385,1.633667725,14.31196235,14.91049461,3.008201323,2.409628026,9.474423904,3.501786626,2.090136886,14.3458915,2.425260397,12.21788842,2.7069239,4.780038804,11.97125491,10.20697973,4.305865364,1.543232535,7.692848658,15.06039941,CIN3
GSM1551378,14.43055894,1.666090559,14.62289768,15.40493845,9.432362176,3.789122754,14.13298124,9.05357303,6.458796395,4.595074991,4.290261323,12.52124881,6.284827229,15.04775704,12.22900772,13.11181932,11.47625818,3.693250117,10.34300383,14.92836361,CIN3
GSM1551379,13.47206356,1.64603756,14.34293615,15.25505808,3.069502588,1.751082014,7.806432372,3.176395247,7.807495499,8.376634018,2.067606587,3.44769688,2.689523534,5.176617896,3.264119436,10.8632248,12.2445357,13.8149246,6.645310312,12.91428659,CIN3
GSM1551380,12.6256863,9.241458216,14.073395,15.43613017,10.08616311,8.031066295,9.691260811,10.17621257,2.311264507,7.651924828,3.913817318,3.895235953,3.918085358,9.705014357,3.053588841,11.37016905,10.91040923,10.72357491,5.514356054,15.15526475,CIN3
GSM1551381,11.3958045,1.683714697,14.96634265,15.49395146,4.354409976,1.77930093,10.61018923,3.460356897,2.327638539,6.634346471,2.091123164,4.414667253,2.874349316,13.79666581,11.73694682,11.27297266,10.01933496,8.868291162,7.595875838,12.96092765,CIN3
GSM1551382,14.74587121,1.649669825,14.84852369,15.70483608,5.934179178,1.863092784,13.79284203,4.216794047,8.926791723,14.95962394,2.090368018,12.30696029,3.150254655,14.04788031,11.30672869,14.08385344,15.42939543,11.72234617,10.29948569,14.08819817,CIN3
GSM1551383,10.44418785,1.662402966,1.850750407,2.376862042,2.637087841,1.871503257,6.159786554,3.43068625,3.387588689,4.048346782,2.103611904,3.953864989,2.781448701,3.160545876,3.019723121,7.248624753,15.18970471,14.05730672,1.785836209,14.87001494,CIN3
GSM1551384,14.59061396,12.40351564,14.21162752,15.29662883,12.61578176,10.82265959,13.28033549,12.02194004,9.462508053,15.58834774,6.663862207,12.77703568,8.758583309,13.65047803,6.909435585,13.80070538,13.89533723,12.51960491,10.10714009,14.85410826,CIN3
GSM1551385,10.21558119,1.62142115,13.92181949,13.74535871,4.89632157,1.687671978,2.328076821,5.238883291,2.292431654,4.269492736,2.041025596,3.556704205,2.648285686,4.046695819,9.162654368,9.544166076,10.69019225,11.2024687,1.764092972,12.48389325,CIN3
GSM1551386,8.253782634,13.03202293,11.04558343,5.227872681,12.47547784,10.94482212,2.467565012,12.04633649,11.78006291,4.370632895,10.55846701,4.234859269,9.17640361,4.097071376,3.001092059,2.753696321,14.24632046,14.27182281,1.776221579,14.33939249,CIN3
GSM1551387,1.514901064,10.80428469,14.05305687,5.140678475,11.30078795,7.95865227,2.29156121,10.86334795,6.929677373,14.55355414,4.712178507,3.657415515,5.998955461,4.167280879,2.926909833,2.751432368,4.575838825,15.47476722,1.772368414,13.1868334,CIN3
GSM1551388,13.50693036,10.63557668,12.62835504,15.04221422,11.66677876,9.320024593,13.7808683,10.8798791,6.244110709,15.17202506,6.90978454,12.72219845,10.87232087,10.94494974,11.41920955,12.11961178,12.39004687,12.56607141,9.165735332,14.20285426,CIN3
GSM1551389,13.75090305,13.31318315,13.91000611,14.39663853,12.04831256,10.69816535,12.17279657,12.31483035,12.37036434,15.42036784,10.67931526,12.37869237,9.779603483,12.84294754,9.463150127,12.73141895,12.88581657,13.83277438,9.782177553,14.99180975,CIN3
GSM1551390,8.58743628,13.59108546,1.773639504,2.31001526,13.25510999,12.53120922,2.938788837,13.2709054,11.71811318,13.14181308,13.032384,3.35436714,12.86410104,3.882399278,2.870453258,7.261005466,5.219800485,13.60466659,1.743593204,14.56018263,CIN3
GSM1551391,13.85638809,13.52586055,11.76331769,11.88518491,13.0898329,14.33755174,9.774041548,13.09589663,12.18119061,16.41867277,11.62604365,11.80002452,12.76838376,3.860081046,6.967285058,10.76379529,14.93221943,13.61742072,2.790829905,14.2151235,CIN3
GSM1551392,11.92862787,10.22492899,9.100626093,9.616005902,11.90843729,10.11771035,6.88248484,11.22910443,12.60340764,15.93439963,9.402584032,9.818396426,10.44801158,6.119162033,2.924459534,10.13005426,14.53723242,14.91011161,1.865242366,12.54811588,CIN3
GSM1551393,6.378717293,13.67881601,1.668671061,2.312706587,13.59357168,12.6769308,2.280735889,13.53198469,13.08838331,13.44746708,11.76259832,10.3943496,12.61194961,3.025745633,2.844904653,3.308897211,13.31767196,15.76961681,1.739642416,11.76125941,CIN3
GSM1551394,4.808633423,1.634765681,14.25053729,15.14067886,2.080422499,1.833931277,11.8937173,3.218097135,2.302951406,4.305268347,2.052765854,9.266545418,2.682391229,15.19447537,11.11554248,5.589068539,9.54027306,10.08877839,9.990935512,2.840443045,CIN3
GSM1551395,1.524770467,1.663287985,2.043378315,2.238983004,2.128452531,2.372388489,2.318422906,3.087439603,2.295878353,5.627732986,2.093209637,3.465330073,2.714030693,3.477194892,2.953399402,2.694338562,10.38952644,1.567993708,1.773916463,5.882704853,CIN3
GSM1551396,13.97746135,14.81150983,9.797169453,13.66476855,14.20680108,13.30610889,10.61093568,14.6991027,15.13929267,13.44552258,13.85784832,7.469802201,13.51658238,5.153967642,3.191645006,12.23640377,10.24284118,14.78439287,9.289407914,15.01233095,CIN3
GSM1551397,7.345790598,13.3960349,9.074125266,6.811143215,12.93085063,11.13508459,2.296065873,12.02828161,13.71630742,12.50596024,11.6672449,7.463199609,9.747356027,3.080462485,2.921720616,3.393495521,10.22871898,15.69132483,1.768310706,14.12783723,CIN3
GSM1551398,1.552652423,1.657538113,1.692238456,2.355038672,8.764139039,1.757960852,2.441733128,8.952772822,2.317511098,4.045902987,2.093364424,8.978549864,8.964954472,2.998958924,2.975707955,6.916544825,6.28487828,3.099344678,1.795218191,4.841237354,CIN3
GSM1551399,13.01565047,13.15448355,12.22133105,11.05365302,13.25690804,13.59768004,2.385431683,13.46014749,12.05320294,14.39116176,12.77757532,10.45715769,12.68999152,3.133891446,2.989719393,10.79658999,15.30747014,14.84105283,1.777850969,14.39693834,CIN3
GSM1551400,15.04440259,1.654160141,14.6421388,15.63797901,2.092455737,1.874894846,14.92035206,3.087774624,2.367332437,12.15955562,2.127493228,15.04269595,2.768298749,15.3864008,12.19305686,14.03190025,6.122612793,10.42893089,10.98850073,15.41096381,CIN3
GSM1551401,12.76847553,13.73601228,5.609999291,11.28996949,12.81341782,11.26530625,10.36532974,12.62882173,13.04301414,7.886340597,12.69233608,9.049533746,11.89546665,3.975547112,2.945213452,11.4845675,7.007277262,14.79729449,1.81555045,14.52696471,CIN3
GSM1551402,1.765734386,11.62959154,1.687267303,2.330395213,13.62591255,10.78151326,2.30012115,13.69227229,10.76169984,7.906445106,11.56718648,10.16165951,11.00493698,2.509632476,2.906293268,3.511729825,3.94866943,15.5911625,1.752742029,12.18679255,CIN3
GSM1551403,1.501125066,10.9666494,6.520480367,2.417811271,12.00107399,11.1220605,2.297445546,11.74985157,9.921586088,4.274183513,11.87582095,3.410492772,12.93552468,4.079487718,2.909590434,3.114669136,4.09237382,15.0134332,1.744815411,11.43358095,CIN3
GSM1551404,3.853676149,1.64500377,14.21275222,12.45226129,3.369142571,1.865066036,7.840420648,3.227736371,2.340191989,4.358679001,2.082530724,3.623634168,2.733158322,7.961861371,11.03249789,8.840594514,12.62973562,14.52309706,1.790721526,14.00085979,CIN3
GSM1551405,13.93512108,1.658022482,14.28004441,14.62198727,2.114284048,1.761329767,12.59636631,3.080980376,2.315765813,4.338323825,2.080885621,6.367886421,2.716486966,12.79812208,13.0532734,13.1447648,13.79699035,12.48481534,9.513100511,15.16774517,CIN3
GSM1551406,1.530181683,8.616809988,15.12248916,15.56172232,11.04024483,8.478357337,2.301316274,10.05361601,8.781675066,14.03824757,8.657200855,3.472191838,10.7785128,12.42822438,12.09899818,3.346461137,4.09007648,11.65620616,8.618290235,7.446017463,CIN3
GSM1551407,11.30270032,8.210779422,12.61440379,14.36829643,8.059783001,2.745272314,9.754792894,7.894211843,9.737086718,8.442319318,3.396198614,3.420698598,4.152669728,10.37519945,2.924057056,9.734243561,11.38299737,13.68825468,9.082931074,13.22764185,CIN3
GSM1551408,14.00869186,14.8768155,14.29905944,15.09305471,13.01339782,13.35054314,5.304633942,15.09316577,13.15499693,13.6648362,13.13161903,11.23501384,13.37157629,6.748702637,12.34504527,11.80545235,13.81619782,14.54870448,8.080741303,15.06071444,CIN3
GSM1551409,13.10623731,14.14673895,7.546890485,12.48893785,14.60205503,13.00659503,5.45510509,14.3868484,13.22051246,12.08297204,11.78421841,9.726849617,12.51999383,4.848010589,3.042634819,10.2450531,14.63786777,5.413304487,1.839630821,15.53309719,CIN3
GSM1551410,1.376050863,10.27430622,8.636775338,1.567598955,7.854299163,6.035796822,2.667421562,7.207550947,11.32734854,13.23124629,2.019058327,4.916692209,2.695371382,3.677221384,2.511610405,2.710482212,3.961633136,15.58400038,1.316841013,1.83953027,CIN3
GSM1551411,1.681397186,1.631051996,1.500021537,1.744645398,3.015436476,2.326378283,2.568667856,3.050808708,4.724439039,3.002094499,2.406663023,3.331107371,2.650306561,4.157909327,2.612260926,2.933530557,3.734082505,8.16385146,0.722612979,2.164838994,Cancer
GSM1551412,14.10359557,1.646846521,13.97982847,15.19911167,3.403352902,2.357813971,12.31641345,3.615736023,2.135447299,15.85147658,2.427675728,4.427713203,2.707654228,7.448136764,12.43837575,13.51723215,11.82137163,9.082158655,6.125851289,14.69413339,Cancer
GSM1551413,14.17930357,1.663220822,14.797454,15.46031598,3.64866145,1.911656588,13.51478802,3.781958177,2.14993883,15.20709782,2.474593604,12.26695134,2.800991681,14.56511589,12.32559512,13.55199784,7.574450469,10.54703967,9.57645699,14.32445111,Cancer
GSM1551414,1.678012466,1.626353297,1.937726523,14.00629886,3.010638697,2.311441083,3.156343765,3.071919054,2.056583926,3.946218218,2.406898518,3.378534566,2.6503703,8.681429065,2.402237208,3.865491156,12.32380433,15.1795889,8.396809813,7.586692257,Cancer
GSM1551415,4.725240874,1.699274847,1.529492879,2.465400155,7.211928972,3.825582866,7.686516868,4.220189289,2.203747693,6.261066097,2.556980048,3.902768164,3.425927773,4.468383389,2.608398522,7.25337745,8.188402071,11.67912075,1.854215556,13.25166159,Cancer
GSM1551416,1.724235199,1.6442515,12.8249616,5.106384147,3.004620734,2.37022477,5.119035829,3.407924183,8.917142883,5.142277905,2.436812883,3.543768513,2.734764609,7.974484642,11.80909352,3.390227364,4.200752395,1.552434003,5.199215098,5.896402225,Cancer
GSM1551417,1.450126504,1.612580994,1.673779737,2.356929649,4.28508473,1.856339069,1.904783117,6.080370148,8.066010314,4.371087388,2.030449696,3.298946506,3.820833733,2.891507571,2.859581764,2.564345836,4.140338142,13.52885132,1.742609308,11.19053063,Cancer
GSM1551418,1.77441095,2.167519237,2.199530479,2.677896775,12.13315849,4.377376111,2.664176151,11.62140559,2.089264506,6.611384366,2.071498606,3.21276431,3.765487666,3.66813886,2.480314381,2.687354373,3.922148525,14.92824549,1.294373401,13.53213814,Cancer
GSM1551419,1.808009066,1.681275475,1.861917648,2.319376838,3.135526691,1.833430147,2.005470262,3.442594798,2.317352388,4.382822652,2.112308329,3.768241347,2.827890208,3.173404457,3.0639208,3.576741305,4.486712947,1.517660432,2.765759003,2.697788386,Cancer
GSM1551420,1.542470091,1.684817025,7.423086964,11.27438416,2.191173146,2.154350956,6.246805221,3.091092839,2.321776644,7.832767162,2.117653123,3.962599216,2.88054952,9.852441235,3.130098681,3.634926252,4.887177904,9.891417143,2.576030856,2.366601255,Cancer
GSM1551421,1.581983695,1.660966849,13.65970499,13.42935006,2.097456718,1.788231214,2.324337253,3.280648282,2.743046586,6.698627654,2.11910843,3.561803849,2.775257672,3.012229576,10.30867404,2.737136161,4.235128328,14.90249802,1.846317349,14.80713744,Cancer
GSM1551422,1.499834436,1.631926536,5.500228869,5.105267574,2.070149819,2.02018606,2.293676099,3.064787081,2.303246265,4.243714806,2.090750909,3.325894468,2.635551182,3.065221998,3.075533691,2.598544107,6.000003054,7.483818789,1.765308564,2.769715235,Cancer
GSM1551423,1.473782435,1.638193458,7.829190157,2.966732295,2.077741729,3.554124616,2.2985462,3.138516514,9.454598128,16.40009038,2.068481472,3.503728181,2.680198882,3.011563004,2.929871482,2.645908115,3.52854745,10.35123741,1.75993631,11.15449484,Cancer
GSM1551424,13.51379557,1.59460527,1.644270718,9.041990717,2.036221672,1.809638801,10.79844535,3.048234674,2.23688296,4.1652553,1.907001819,3.345885742,2.573251299,3.843845015,2.536233728,12.68937684,11.02008897,6.333886728,8.357912583,10.99525074,Cancer
GSM1551425,1.502703445,12.01539029,1.761322497,2.390617076,9.752195416,8.031341533,2.324722294,9.116190433,5.283399343,4.375989666,9.162347884,8.219878188,11.40894073,3.012726499,2.997781872,2.783712487,4.177056203,11.39239869,1.783734765,9.446606753,Cancer
GSM1551426,5.147030442,1.619900699,10.08666595,8.44210858,1.757039394,1.789263648,8.217394557,3.062699486,2.300257735,13.02801222,2.035722142,3.411191397,2.63277833,7.952431852,9.293217491,6.625503741,11.94376441,13.26410756,7.303066823,14.65122457,Cancer
GSM1551427,1.472380115,1.62277545,1.988990282,6.47847632,2.052447806,2.133439065,1.91110829,3.007939174,3.940125662,15.86993097,1.855797484,3.305522141,2.528808775,2.978047343,2.851970475,2.56080844,3.755590058,12.02840219,1.748656089,13.95406752,Cancer
GSM1551428,1.480068044,1.644495382,1.686818126,2.372501128,3.631271011,1.85977966,1.949363862,3.706316437,2.280273936,16.13739569,2.07082245,3.439562321,10.49166069,2.854268574,2.945613312,2.686035414,3.494981635,9.104854864,1.769015533,2.287274674,Cancer
GSM1551429,1.462098247,1.626101654,1.850588182,2.947241635,2.071483693,1.610475812,1.924620886,3.095859159,2.29572226,4.269378495,2.045987304,4.658553755,7.991883199,4.449073369,2.921463649,2.61926264,3.86260433,10.66531851,1.757362202,2.628891944,Cancer
GSM1551430,1.473633326,1.633012844,14.31276479,11.89770498,2.084081567,1.853514214,2.297083772,3.152063383,3.984244901,4.306405649,2.062849599,3.423176013,2.687386844,4.39171461,12.69561548,5.399002505,10.32790846,12.93869828,1.760405299,13.56975081,Cancer
GSM1551431,1.530447773,1.643908393,1.806383679,5.023717331,2.104661614,2.562858286,10.55804171,3.20042857,2.328909702,2.735400101,2.083835821,3.478390972,10.52452625,3.030947604,5.631017735,5.54026268,4.131823158,3.757336693,1.775016275,2.290882727,Cancer
GSM1551432,8.276546714,1.623492338,12.86479017,13.76154571,2.079116549,1.838344256,6.535626601,3.187833122,2.303355522,8.564109994,2.060151557,3.401703419,2.67123136,11.36359217,9.12929679,9.247736566,11.09084646,13.79205824,9.605889702,9.055438747,Cancer
GSM1551433,1.515516094,1.648183968,4.381195841,2.358149891,3.652676051,4.008963421,2.309159484,3.223714743,12.82986536,4.282399208,2.066586045,3.356129952,2.66654714,2.99869676,2.918252589,2.687989684,3.938771715,15.13696989,1.770279155,9.129260491,Cancer
GSM1551434,1.516954792,1.64400711,13.34529636,13.74648546,2.105112321,1.846298798,2.310301637,3.201368208,9.914436114,4.332931263,2.074067429,3.480224192,2.717427853,4.214802701,11.32057771,4.21770885,10.96972706,12.42860361,1.794822631,7.813843818,Cancer
GSM1551435,1.547818021,1.677592238,13.34856228,2.379057333,3.095459511,2.36003402,2.340684296,3.38979129,12.56348224,16.24042177,2.160319011,10.44883621,7.03955887,3.027788934,6.296378318,2.909363742,3.983841783,13.57408336,1.788307796,5.775782241,Cancer
GSM1551436,1.540752081,1.647845723,1.688660184,8.606255803,2.086589441,1.761344002,2.310124744,3.191286591,10.03865106,9.366748907,2.023450489,3.461823406,2.727053517,3.112932525,2.964900681,2.998643653,7.030763383,12.80005502,1.775755973,2.300334924,Cancer
GSM1551437,4.303080175,9.498431833,1.924281994,7.779497231,10.45747191,10.03010563,2.644135375,12.12096857,10.31955117,13.67068933,8.022905692,7.182072263,7.721876496,3.618340345,2.442282148,3.970240557,4.093639607,14.59031626,2.750372323,5.693376393,Cancer
GSM1551438,1.508428996,1.638020976,8.882981846,5.803371613,2.109106799,1.74889286,1.955321397,3.208315646,2.284196879,4.353030124,2.072171906,3.496930148,2.708154769,3.06280584,2.94730758,3.175408589,4.21115831,9.759173459,1.761334662,10.34627077,Cancer
